user_id,event,timestamp
1,visit,2025-07-04 0:47
1,signup,2025-07-04 0:55
2,visit,2025-07-03 18:27
2,signup,2025-07-03 18:30
3,visit,2025-07-07 22:41
3,signup,2025-07-07 22:55
3,try_feature,2025-07-07 23:14
4,visit,2025-07-06 22:27
4,signup,2025-07-06 22:32
4,try_feature,2025-07-06 22:43
4,purchase,2025-07-06 22:56
5,visit,2025-07-09 1:46
6,visit,2025-07-13 2:35
7,visit,2025-07-12 18:12
7,signup,2025-07-12 18:14
8,visit,2025-07-08 3:24
8,signup,2025-07-08 3:36
8,try_feature,2025-07-08 3:48
9,visit,2025-07-03 19:40
9,signup,2025-07-03 19:48
9,try_feature,2025-07-03 20:01
9,purchase,2025-07-03 20:19
10,visit,2025-07-02 7:52
10,signup,2025-07-02 8:03
10,try_feature,2025-07-02 8:06
11,visit,2025-07-11 6:41
11,signup,2025-07-11 6:56
11,try_feature,2025-07-11 7:01
12,visit,2025-07-14 18:25
12,signup,2025-07-14 18:30
13,visit,2025-07-04 4:40
13,signup,2025-07-04 4:54
13,try_feature,2025-07-04 5:07
14,visit,2025-07-01 21:46
15,visit,2025-07-11 3:18
15,signup,2025-07-11 3:33
16,visit,2025-07-06 16:58
17,visit,2025-07-07 4:23
18,visit,2025-07-01 19:20
19,visit,2025-07-10 7:03
20,visit,2025-07-03 23:31
22,visit,2025-07-06 8:33
23,visit,2025-07-07 22:19
23,signup,2025-07-07 22:31
23,try_feature,2025-07-07 22:48
23,purchase,2025-07-07 22:56
24,visit,2025-07-01 18:35
24,signup,2025-07-01 18:43
24,try_feature,2025-07-01 18:45
25,visit,2025-07-03 16:15
25,signup,2025-07-03 16:31
26,visit,2025-07-16 7:50
26,signup,2025-07-16 8:04
27,visit,2025-07-12 13:26
27,signup,2025-07-12 13:28
27,try_feature,2025-07-12 13:32
28,visit,2025-07-04 7:12
28,signup,2025-07-04 7:27
28,try_feature,2025-07-04 7:33
29,visit,2025-07-03 14:51
29,signup,2025-07-03 15:09
30,visit,2025-07-03 7:10
30,signup,2025-07-03 7:26
32,visit,2025-07-09 14:18
32,signup,2025-07-09 14:36
32,try_feature,2025-07-09 14:52
32,purchase,2025-07-09 15:02
33,visit,2025-07-02 23:20
33,signup,2025-07-02 23:39
33,try_feature,2025-07-02 23:56
33,purchase,2025-07-03 0:13
34,visit,2025-07-03 19:04
34,signup,2025-07-03 19:12
34,try_feature,2025-07-03 19:31
34,purchase,2025-07-03 19:51
35,visit,2025-07-14 21:37
36,visit,2025-07-07 21:45
36,signup,2025-07-07 21:54
36,try_feature,2025-07-07 22:04
36,purchase,2025-07-07 22:07
37,visit,2025-07-04 2:34
37,signup,2025-07-04 2:43
38,visit,2025-07-08 11:18
39,visit,2025-07-01 21:52
40,visit,2025-07-05 8:07
40,signup,2025-07-05 8:25
41,visit,2025-07-11 6:43
41,signup,2025-07-11 6:52
42,visit,2025-07-02 2:40
42,signup,2025-07-02 2:49
43,visit,2025-07-09 5:47
43,signup,2025-07-09 6:01
43,try_feature,2025-07-09 6:05
44,visit,2025-07-12 18:35
44,signup,2025-07-12 18:40
45,visit,2025-07-02 11:13
45,signup,2025-07-02 11:17
46,visit,2025-07-14 19:47
47,visit,2025-07-06 13:01
48,visit,2025-07-14 21:55
48,signup,2025-07-14 22:03
48,try_feature,2025-07-14 22:07
50,visit,2025-07-12 9:52
50,signup,2025-07-12 10:00
50,try_feature,2025-07-12 10:07
51,visit,2025-07-09 11:41
51,signup,2025-07-09 11:59
51,try_feature,2025-07-09 12:00
51,purchase,2025-07-09 12:09
52,visit,2025-07-02 3:38
52,signup,2025-07-02 3:49
52,try_feature,2025-07-02 4:06
52,purchase,2025-07-02 4:25
54,visit,2025-07-07 11:27
54,signup,2025-07-07 11:38
55,visit,2025-07-10 16:19
55,signup,2025-07-10 16:30
57,visit,2025-07-06 19:36
58,visit,2025-07-10 9:13
58,signup,2025-07-10 9:32
58,try_feature,2025-07-10 9:43
59,visit,2025-07-16 23:10
59,signup,2025-07-16 23:20
59,try_feature,2025-07-16 23:40
60,visit,2025-07-08 6:09
61,visit,2025-07-03 14:26
61,signup,2025-07-03 14:45
61,try_feature,2025-07-03 14:58
61,purchase,2025-07-03 15:06
62,visit,2025-07-04 13:14
62,signup,2025-07-04 13:31
62,try_feature,2025-07-04 13:49
64,visit,2025-07-11 14:39
64,signup,2025-07-11 14:56
64,try_feature,2025-07-11 15:14
65,visit,2025-07-16 14:16
66,visit,2025-07-16 20:15
67,visit,2025-07-08 8:21
67,signup,2025-07-08 8:39
67,try_feature,2025-07-08 8:44
68,visit,2025-07-03 13:26
68,signup,2025-07-03 13:41
69,visit,2025-07-13 18:44
69,signup,2025-07-13 19:03
70,visit,2025-07-10 12:54
70,signup,2025-07-10 13:08
71,visit,2025-07-08 15:14
71,signup,2025-07-08 15:30
72,visit,2025-07-13 23:10
73,visit,2025-07-01 12:37
73,signup,2025-07-01 12:38
73,try_feature,2025-07-01 12:52
73,purchase,2025-07-01 13:07
74,visit,2025-07-13 10:13
76,visit,2025-07-14 8:53
77,visit,2025-07-02 11:14
78,visit,2025-07-08 6:53
78,signup,2025-07-08 6:58
79,visit,2025-07-07 14:44
79,signup,2025-07-07 14:56
80,visit,2025-07-04 5:19
81,visit,2025-07-13 12:45
81,signup,2025-07-13 13:04
81,try_feature,2025-07-13 13:12
82,visit,2025-07-04 18:50
82,signup,2025-07-04 19:08
82,try_feature,2025-07-04 19:20
82,purchase,2025-07-04 19:31
84,visit,2025-07-15 22:09
86,visit,2025-07-16 14:27
86,signup,2025-07-16 14:46
87,visit,2025-07-03 8:56
87,signup,2025-07-03 9:11
87,try_feature,2025-07-03 9:24
88,visit,2025-07-06 15:13
88,signup,2025-07-06 15:22
89,visit,2025-07-09 17:00
89,signup,2025-07-09 17:07
89,try_feature,2025-07-09 17:21
90,visit,2025-07-16 14:50
90,signup,2025-07-16 15:00
90,try_feature,2025-07-16 15:08
91,visit,2025-07-12 13:47
92,visit,2025-07-09 9:16
92,signup,2025-07-09 9:23
93,visit,2025-07-06 6:13
94,visit,2025-07-10 3:53
94,signup,2025-07-10 4:01
94,try_feature,2025-07-10 4:11
94,purchase,2025-07-10 4:29
95,visit,2025-07-02 17:18
95,signup,2025-07-02 17:23
95,try_feature,2025-07-02 17:39
96,visit,2025-07-16 15:28
96,signup,2025-07-16 15:30
96,try_feature,2025-07-16 15:46
97,visit,2025-07-03 18:40
97,signup,2025-07-03 18:45
98,visit,2025-07-03 7:07
98,signup,2025-07-03 7:21
98,try_feature,2025-07-03 7:41
99,visit,2025-07-15 9:55
99,signup,2025-07-15 10:09
99,try_feature,2025-07-15 10:29
100,visit,2025-07-07 20:13
100,signup,2025-07-07 20:16
101,visit,2025-07-06 0:26
101,signup,2025-07-06 0:46
101,try_feature,2025-07-06 0:48
102,visit,2025-07-15 2:43
103,visit,2025-07-07 13:07
104,visit,2025-07-05 2:03
104,signup,2025-07-05 2:13
105,visit,2025-07-15 3:29
106,visit,2025-07-16 14:05
107,visit,2025-07-09 0:05
107,signup,2025-07-09 0:24
108,visit,2025-07-09 18:02
108,signup,2025-07-09 18:08
109,visit,2025-07-06 18:27
110,visit,2025-07-16 11:26
111,visit,2025-07-11 13:44
112,visit,2025-07-02 14:05
112,signup,2025-07-02 14:16
113,visit,2025-07-01 21:55
113,signup,2025-07-01 22:09
113,try_feature,2025-07-01 22:26
114,visit,2025-07-02 6:17
114,signup,2025-07-02 6:27
114,try_feature,2025-07-02 6:43
115,visit,2025-07-06 9:35
115,signup,2025-07-06 9:49
115,try_feature,2025-07-06 9:53
116,visit,2025-07-05 15:59
117,visit,2025-07-14 15:30
117,signup,2025-07-14 15:48
118,visit,2025-07-05 2:17
118,signup,2025-07-05 2:31
118,try_feature,2025-07-05 2:48
118,purchase,2025-07-05 2:49
119,visit,2025-07-16 4:28
119,signup,2025-07-16 4:40
119,try_feature,2025-07-16 4:58
120,visit,2025-07-08 18:24
120,signup,2025-07-08 18:38
121,visit,2025-07-13 12:42
121,signup,2025-07-13 12:47
121,try_feature,2025-07-13 12:49
122,visit,2025-07-04 14:06
122,signup,2025-07-04 14:21
122,try_feature,2025-07-04 14:26
122,purchase,2025-07-04 14:31
123,visit,2025-07-11 19:44
124,visit,2025-07-13 10:40
125,visit,2025-07-02 19:04
126,visit,2025-07-03 13:06
126,signup,2025-07-03 13:10
127,visit,2025-07-02 10:50
127,signup,2025-07-02 11:02
127,try_feature,2025-07-02 11:07
128,visit,2025-07-06 5:11
128,signup,2025-07-06 5:24
128,try_feature,2025-07-06 5:32
128,purchase,2025-07-06 5:51
129,visit,2025-07-09 14:16
131,visit,2025-07-10 20:27
132,visit,2025-07-07 12:54
132,signup,2025-07-07 13:02
133,visit,2025-07-10 0:53
133,signup,2025-07-10 1:02
134,visit,2025-07-16 9:49
135,visit,2025-07-08 20:12
135,signup,2025-07-08 20:17
135,try_feature,2025-07-08 20:19
135,purchase,2025-07-08 20:34
136,visit,2025-07-05 2:58
136,signup,2025-07-05 3:12
138,visit,2025-07-06 8:58
139,visit,2025-07-10 23:55
139,signup,2025-07-10 23:59
139,try_feature,2025-07-11 0:02
140,visit,2025-07-13 17:23
140,signup,2025-07-13 17:36
140,try_feature,2025-07-13 17:54
141,visit,2025-07-09 18:24
141,signup,2025-07-09 18:36
141,try_feature,2025-07-09 18:44
142,visit,2025-07-11 19:14
143,visit,2025-07-10 20:26
144,visit,2025-07-10 15:07
144,signup,2025-07-10 15:25
144,try_feature,2025-07-10 15:40
145,visit,2025-07-05 13:41
145,signup,2025-07-05 13:57
145,try_feature,2025-07-05 14:06
145,purchase,2025-07-05 14:18
148,visit,2025-07-12 1:25
149,visit,2025-07-15 2:42
151,visit,2025-07-07 2:53
151,signup,2025-07-07 3:00
151,try_feature,2025-07-07 3:08
153,visit,2025-07-05 17:16
153,signup,2025-07-05 17:20
153,try_feature,2025-07-05 17:21
154,visit,2025-07-08 18:20
154,signup,2025-07-08 18:29
155,visit,2025-07-03 15:28
155,signup,2025-07-03 15:45
158,visit,2025-07-02 15:54
158,signup,2025-07-02 15:58
158,try_feature,2025-07-02 16:13
159,visit,2025-07-05 2:08
159,signup,2025-07-05 2:27
159,try_feature,2025-07-05 2:38
160,visit,2025-07-15 16:38
161,visit,2025-07-07 13:28
161,signup,2025-07-07 13:42
161,try_feature,2025-07-07 13:57
162,visit,2025-07-11 21:16
162,signup,2025-07-11 21:21
162,try_feature,2025-07-11 21:37
162,purchase,2025-07-11 21:40
163,visit,2025-07-12 4:35
163,signup,2025-07-12 4:53
163,try_feature,2025-07-12 4:57
164,visit,2025-07-02 9:38
164,signup,2025-07-02 9:42
164,try_feature,2025-07-02 9:49
164,purchase,2025-07-02 10:05
165,visit,2025-07-12 17:23
165,signup,2025-07-12 17:32
166,visit,2025-07-01 19:59
166,signup,2025-07-01 20:08
167,visit,2025-07-10 10:22
167,signup,2025-07-10 10:27
167,try_feature,2025-07-10 10:40
167,purchase,2025-07-10 10:41
168,visit,2025-07-07 12:26
168,signup,2025-07-07 12:32
169,visit,2025-07-03 1:09
169,signup,2025-07-03 1:29
169,try_feature,2025-07-03 1:32
170,visit,2025-07-15 13:17
170,signup,2025-07-15 13:34
170,try_feature,2025-07-15 13:48
171,visit,2025-07-10 1:14
171,signup,2025-07-10 1:34
171,try_feature,2025-07-10 1:41
172,visit,2025-07-09 9:20
173,visit,2025-07-06 4:24
173,signup,2025-07-06 4:32
173,try_feature,2025-07-06 4:44
174,visit,2025-07-15 2:55
174,signup,2025-07-15 3:09
174,try_feature,2025-07-15 3:23
174,purchase,2025-07-15 3:36
175,visit,2025-07-06 19:29
175,signup,2025-07-06 19:41
175,try_feature,2025-07-06 19:45
176,visit,2025-07-03 12:55
176,signup,2025-07-03 13:06
176,try_feature,2025-07-03 13:12
177,visit,2025-07-07 11:22
177,signup,2025-07-07 11:27
177,try_feature,2025-07-07 11:32
178,visit,2025-07-03 5:49
179,visit,2025-07-15 21:59
179,signup,2025-07-15 22:19
179,try_feature,2025-07-15 22:30
180,visit,2025-07-10 8:37
180,signup,2025-07-10 8:54
180,try_feature,2025-07-10 9:09
181,visit,2025-07-10 2:41
181,signup,2025-07-10 2:44
181,try_feature,2025-07-10 3:01
182,visit,2025-07-02 14:58
182,signup,2025-07-02 15:05
183,visit,2025-07-02 14:06
184,visit,2025-07-03 16:41
185,visit,2025-07-15 16:33
185,signup,2025-07-15 16:45
185,try_feature,2025-07-15 16:55
186,visit,2025-07-02 20:41
186,signup,2025-07-02 20:52
186,try_feature,2025-07-02 21:05
187,visit,2025-07-11 2:37
187,signup,2025-07-11 2:49
187,try_feature,2025-07-11 3:02
188,visit,2025-07-13 20:50
188,signup,2025-07-13 20:55
188,try_feature,2025-07-13 21:12
189,visit,2025-07-01 11:19
189,signup,2025-07-01 11:26
189,try_feature,2025-07-01 11:42
189,purchase,2025-07-01 11:47
190,visit,2025-07-04 16:49
190,signup,2025-07-04 17:06
191,visit,2025-07-05 19:24
192,visit,2025-07-06 23:28
192,signup,2025-07-06 23:40
193,visit,2025-07-10 23:50
193,signup,2025-07-11 0:08
195,visit,2025-07-15 14:49
195,signup,2025-07-15 15:02
196,visit,2025-07-07 19:08
196,signup,2025-07-07 19:10
197,visit,2025-07-04 22:54
197,signup,2025-07-04 22:58
197,try_feature,2025-07-04 23:04
197,purchase,2025-07-04 23:21
198,visit,2025-07-03 7:52
199,visit,2025-07-14 1:25
199,signup,2025-07-14 1:33
199,try_feature,2025-07-14 1:36
200,visit,2025-07-04 22:41
200,signup,2025-07-04 22:46
201,visit,2025-07-16 22:53
201,signup,2025-07-16 23:09
202,visit,2025-07-01 8:13
203,visit,2025-07-14 3:49
203,signup,2025-07-14 3:59
203,try_feature,2025-07-14 4:07
204,visit,2025-07-04 15:38
204,signup,2025-07-04 15:55
204,try_feature,2025-07-04 16:00
205,visit,2025-07-08 18:26
205,signup,2025-07-08 18:29
205,try_feature,2025-07-08 18:41
206,visit,2025-07-01 12:55
207,visit,2025-07-09 23:01
207,signup,2025-07-09 23:04
208,visit,2025-07-11 4:02
210,visit,2025-07-16 20:11
211,visit,2025-07-15 1:18
212,visit,2025-07-11 9:32
212,signup,2025-07-11 9:50
213,visit,2025-07-07 9:22
214,visit,2025-07-11 8:07
216,visit,2025-07-16 22:31
216,signup,2025-07-16 22:48
218,visit,2025-07-06 17:18
218,signup,2025-07-06 17:21
218,try_feature,2025-07-06 17:31
219,visit,2025-07-06 22:28
220,visit,2025-07-12 19:27
220,signup,2025-07-12 19:29
220,try_feature,2025-07-12 19:42
221,visit,2025-07-05 19:43
221,signup,2025-07-05 19:45
223,visit,2025-07-02 19:09
223,signup,2025-07-02 19:21
224,visit,2025-07-12 12:20
225,visit,2025-07-01 23:11
226,visit,2025-07-04 8:49
226,signup,2025-07-04 9:04
226,try_feature,2025-07-04 9:24
226,purchase,2025-07-04 9:40
227,visit,2025-07-03 14:11
228,visit,2025-07-11 21:22
228,signup,2025-07-11 21:40
229,visit,2025-07-06 11:32
230,visit,2025-07-08 15:01
230,signup,2025-07-08 15:20
230,try_feature,2025-07-08 15:38
230,purchase,2025-07-08 15:41
231,visit,2025-07-16 16:26
231,signup,2025-07-16 16:45
232,visit,2025-07-15 14:43
233,visit,2025-07-06 4:27
234,visit,2025-07-05 9:10
234,signup,2025-07-05 9:18
235,visit,2025-07-03 8:12
235,signup,2025-07-03 8:30
236,visit,2025-07-03 16:41
236,signup,2025-07-03 17:00
237,visit,2025-07-11 18:02
237,signup,2025-07-11 18:03
237,try_feature,2025-07-11 18:22
238,visit,2025-07-14 19:40
238,signup,2025-07-14 19:58
238,try_feature,2025-07-14 20:08
238,purchase,2025-07-14 20:21
239,visit,2025-07-02 5:28
239,signup,2025-07-02 5:43
239,try_feature,2025-07-02 6:03
240,visit,2025-07-12 12:08
240,signup,2025-07-12 12:25
240,try_feature,2025-07-12 12:36
240,purchase,2025-07-12 12:40
241,visit,2025-07-05 3:03
243,visit,2025-07-11 18:46
243,signup,2025-07-11 18:52
243,try_feature,2025-07-11 19:09
244,visit,2025-07-03 12:32
244,signup,2025-07-03 12:40
244,try_feature,2025-07-03 12:52
245,visit,2025-07-16 9:34
245,signup,2025-07-16 9:38
246,visit,2025-07-13 11:02
246,signup,2025-07-13 11:21
247,visit,2025-07-03 12:32
247,signup,2025-07-03 12:50
248,visit,2025-07-04 4:06
248,signup,2025-07-04 4:17
249,visit,2025-07-07 19:32
249,signup,2025-07-07 19:34
250,visit,2025-07-16 16:29
250,signup,2025-07-16 16:46
250,try_feature,2025-07-16 17:06
251,visit,2025-07-10 18:21
251,signup,2025-07-10 18:38
251,try_feature,2025-07-10 18:57
252,visit,2025-07-04 13:37
252,signup,2025-07-04 13:38
253,visit,2025-07-08 23:03
253,signup,2025-07-08 23:09
254,visit,2025-07-13 4:52
254,signup,2025-07-13 4:54
254,try_feature,2025-07-13 4:58
255,visit,2025-07-05 13:44
256,visit,2025-07-16 23:46
256,signup,2025-07-16 23:51
256,try_feature,2025-07-17 0:09
258,visit,2025-07-11 17:22
258,signup,2025-07-11 17:31
259,visit,2025-07-09 17:19
260,visit,2025-07-07 22:45
260,signup,2025-07-07 23:01
260,try_feature,2025-07-07 23:10
261,visit,2025-07-13 12:52
261,signup,2025-07-13 12:57
262,visit,2025-07-03 11:59
263,visit,2025-07-07 6:52
263,signup,2025-07-07 7:10
263,try_feature,2025-07-07 7:15
263,purchase,2025-07-07 7:34
264,visit,2025-07-08 20:14
264,signup,2025-07-08 20:28
264,try_feature,2025-07-08 20:44
264,purchase,2025-07-08 20:49
266,visit,2025-07-16 15:41
266,signup,2025-07-16 15:51
267,visit,2025-07-03 20:36
268,visit,2025-07-06 13:56
270,visit,2025-07-10 1:00
270,signup,2025-07-10 1:20
270,try_feature,2025-07-10 1:31
271,visit,2025-07-05 16:29
271,signup,2025-07-05 16:33
272,visit,2025-07-06 0:47
272,signup,2025-07-06 0:57
272,try_feature,2025-07-06 1:04
273,visit,2025-07-11 2:25
274,visit,2025-07-16 10:59
274,signup,2025-07-16 11:08
275,visit,2025-07-11 9:37
275,signup,2025-07-11 9:38
276,visit,2025-07-02 21:07
276,signup,2025-07-02 21:13
277,visit,2025-07-10 22:07
277,signup,2025-07-10 22:17
277,try_feature,2025-07-10 22:25
278,visit,2025-07-15 23:38
279,visit,2025-07-07 7:43
279,signup,2025-07-07 7:46
280,visit,2025-07-03 18:07
281,visit,2025-07-07 18:34
282,visit,2025-07-15 3:43
282,signup,2025-07-15 4:02
282,try_feature,2025-07-15 4:19
283,visit,2025-07-14 14:36
283,signup,2025-07-14 14:51
284,visit,2025-07-13 8:52
284,signup,2025-07-13 8:59
284,try_feature,2025-07-13 9:01
285,visit,2025-07-02 2:59
285,signup,2025-07-02 3:09
286,visit,2025-07-14 11:57
286,signup,2025-07-14 12:10
286,try_feature,2025-07-14 12:28
286,purchase,2025-07-14 12:40
287,visit,2025-07-13 16:08
288,visit,2025-07-01 9:29
288,signup,2025-07-01 9:47
289,visit,2025-07-08 14:22
290,visit,2025-07-04 1:51
291,visit,2025-07-01 7:13
291,signup,2025-07-01 7:33
292,visit,2025-07-02 7:47
292,signup,2025-07-02 8:02
294,visit,2025-07-08 23:36
295,visit,2025-07-11 7:19
295,signup,2025-07-11 7:36
295,try_feature,2025-07-11 7:46
296,visit,2025-07-06 20:43
296,signup,2025-07-06 20:59
297,visit,2025-07-13 16:20
297,signup,2025-07-13 16:34
297,try_feature,2025-07-13 16:47
298,visit,2025-07-08 9:54
299,visit,2025-07-14 13:35
299,signup,2025-07-14 13:48
299,try_feature,2025-07-14 13:55
300,visit,2025-07-12 2:34
300,signup,2025-07-12 2:41
301,visit,2025-07-02 2:12
302,visit,2025-07-07 15:13
302,signup,2025-07-07 15:24
302,try_feature,2025-07-07 15:25
303,visit,2025-07-04 23:48
303,signup,2025-07-04 23:56
303,try_feature,2025-07-05 0:03
304,visit,2025-07-10 12:29
304,signup,2025-07-10 12:41
305,visit,2025-07-16 14:06
306,visit,2025-07-11 6:23
306,signup,2025-07-11 6:25
308,visit,2025-07-14 9:09
308,signup,2025-07-14 9:17
308,try_feature,2025-07-14 9:25
308,purchase,2025-07-14 9:36
309,visit,2025-07-16 14:10
309,signup,2025-07-16 14:22
309,try_feature,2025-07-16 14:40
310,visit,2025-07-02 16:02
311,visit,2025-07-02 0:26
311,signup,2025-07-02 0:34
311,try_feature,2025-07-02 0:39
312,visit,2025-07-02 19:40
313,visit,2025-07-16 0:00
313,signup,2025-07-16 0:14
314,visit,2025-07-10 0:32
315,visit,2025-07-06 3:58
315,signup,2025-07-06 4:03
316,visit,2025-07-12 8:50
318,visit,2025-07-08 9:43
318,signup,2025-07-08 9:46
318,try_feature,2025-07-08 9:48
319,visit,2025-07-16 1:40
319,signup,2025-07-16 1:46
323,visit,2025-07-09 17:36
324,visit,2025-07-11 0:13
325,visit,2025-07-10 5:36
325,signup,2025-07-10 5:49
325,try_feature,2025-07-10 6:07
327,visit,2025-07-02 3:27
327,signup,2025-07-02 3:30
328,visit,2025-07-13 10:01
328,signup,2025-07-13 10:16
329,visit,2025-07-13 13:11
329,signup,2025-07-13 13:24
329,try_feature,2025-07-13 13:44
330,visit,2025-07-03 8:09
331,visit,2025-07-11 11:06
331,signup,2025-07-11 11:16
331,try_feature,2025-07-11 11:25
331,purchase,2025-07-11 11:28
332,visit,2025-07-14 3:01
332,signup,2025-07-14 3:19
333,visit,2025-07-13 0:18
334,visit,2025-07-08 18:33
334,signup,2025-07-08 18:46
334,try_feature,2025-07-08 18:55
334,purchase,2025-07-08 19:11
335,visit,2025-07-14 8:26
335,signup,2025-07-14 8:29
336,visit,2025-07-16 19:39
336,signup,2025-07-16 19:43
337,visit,2025-07-11 19:24
337,signup,2025-07-11 19:35
338,visit,2025-07-05 9:20
338,signup,2025-07-05 9:27
339,visit,2025-07-11 9:47
340,visit,2025-07-08 10:24
340,signup,2025-07-08 10:37
340,try_feature,2025-07-08 10:56
340,purchase,2025-07-08 11:14
342,visit,2025-07-07 14:51
343,visit,2025-07-14 21:31
343,signup,2025-07-14 21:41
345,visit,2025-07-16 18:25
345,signup,2025-07-16 18:39
346,visit,2025-07-03 3:49
346,signup,2025-07-03 4:01
346,try_feature,2025-07-03 4:21
347,visit,2025-07-11 13:06
347,signup,2025-07-11 13:15
348,visit,2025-07-08 14:23
348,signup,2025-07-08 14:42
348,try_feature,2025-07-08 14:47
350,visit,2025-07-04 23:09
350,signup,2025-07-04 23:20
351,visit,2025-07-12 15:06
351,signup,2025-07-12 15:21
351,try_feature,2025-07-12 15:31
351,purchase,2025-07-12 15:35
352,visit,2025-07-04 21:51
352,signup,2025-07-04 21:59
352,try_feature,2025-07-04 22:17
353,visit,2025-07-15 7:51
353,signup,2025-07-15 7:57
353,try_feature,2025-07-15 8:11
354,visit,2025-07-15 18:27
354,signup,2025-07-15 18:34
355,visit,2025-07-06 11:20
355,signup,2025-07-06 11:24
356,visit,2025-07-11 19:24
356,signup,2025-07-11 19:43
357,visit,2025-07-06 21:45
357,signup,2025-07-06 22:05
357,try_feature,2025-07-06 22:10
358,visit,2025-07-06 11:44
358,signup,2025-07-06 11:57
359,visit,2025-07-14 5:31
359,signup,2025-07-14 5:37
359,try_feature,2025-07-14 5:53
360,visit,2025-07-15 19:03
360,signup,2025-07-15 19:04
361,visit,2025-07-16 13:43
361,signup,2025-07-16 13:58
362,visit,2025-07-08 9:02
362,signup,2025-07-08 9:20
363,visit,2025-07-16 17:32
363,signup,2025-07-16 17:36
364,visit,2025-07-12 17:52
364,signup,2025-07-12 18:07
364,try_feature,2025-07-12 18:21
364,purchase,2025-07-12 18:29
365,visit,2025-07-15 8:22
365,signup,2025-07-15 8:25
366,visit,2025-07-08 6:51
367,visit,2025-07-14 5:39
368,visit,2025-07-02 18:22
368,signup,2025-07-02 18:42
369,visit,2025-07-10 9:36
370,visit,2025-07-04 4:48
371,visit,2025-07-05 22:55
372,visit,2025-07-08 21:25
372,signup,2025-07-08 21:44
372,try_feature,2025-07-08 21:58
373,visit,2025-07-03 12:32
373,signup,2025-07-03 12:44
373,try_feature,2025-07-03 13:00
374,visit,2025-07-03 23:29
375,visit,2025-07-13 6:27
375,signup,2025-07-13 6:43
375,try_feature,2025-07-13 6:53
375,purchase,2025-07-13 7:12
376,visit,2025-07-11 21:48
376,signup,2025-07-11 21:52
376,try_feature,2025-07-11 22:07
378,visit,2025-07-05 20:19
378,signup,2025-07-05 20:28
378,try_feature,2025-07-05 20:40
379,visit,2025-07-06 1:25
379,signup,2025-07-06 1:33
380,visit,2025-07-01 6:30
380,signup,2025-07-01 6:49
380,try_feature,2025-07-01 7:04
381,visit,2025-07-14 22:08
381,signup,2025-07-14 22:16
381,try_feature,2025-07-14 22:20
382,visit,2025-07-05 12:49
382,signup,2025-07-05 12:54
382,try_feature,2025-07-05 12:59
382,purchase,2025-07-05 13:18
383,visit,2025-07-15 11:46
384,visit,2025-07-15 6:05
385,visit,2025-07-13 11:27
385,signup,2025-07-13 11:32
385,try_feature,2025-07-13 11:35
386,visit,2025-07-10 22:01
386,signup,2025-07-10 22:11
387,visit,2025-07-13 9:41
387,signup,2025-07-13 9:49
387,try_feature,2025-07-13 9:53
387,purchase,2025-07-13 10:13
388,visit,2025-07-12 10:08
388,signup,2025-07-12 10:27
389,visit,2025-07-16 2:01
389,signup,2025-07-16 2:02
390,visit,2025-07-13 16:18
391,visit,2025-07-14 22:25
391,signup,2025-07-14 22:43
391,try_feature,2025-07-14 22:48
391,purchase,2025-07-14 22:58
392,visit,2025-07-05 17:20
392,signup,2025-07-05 17:23
393,visit,2025-07-08 1:15
393,signup,2025-07-08 1:29
394,visit,2025-07-10 21:47
394,signup,2025-07-10 21:53
395,visit,2025-07-06 15:22
395,signup,2025-07-06 15:31
396,visit,2025-07-09 23:56
396,signup,2025-07-09 23:57
396,try_feature,2025-07-10 0:11
396,purchase,2025-07-10 0:14
397,visit,2025-07-03 15:29
397,signup,2025-07-03 15:31
397,try_feature,2025-07-03 15:50
397,purchase,2025-07-03 15:56
398,visit,2025-07-04 7:47
399,visit,2025-07-01 7:02
400,visit,2025-07-06 1:35
400,signup,2025-07-06 1:49
400,try_feature,2025-07-06 1:57
400,purchase,2025-07-06 2:08
401,visit,2025-07-12 3:32
401,signup,2025-07-12 3:34
402,visit,2025-07-13 2:56
403,visit,2025-07-10 10:05
403,signup,2025-07-10 10:06
404,visit,2025-07-10 23:39
404,signup,2025-07-10 23:51
405,visit,2025-07-07 23:57
405,signup,2025-07-08 0:05
405,try_feature,2025-07-08 0:19
406,visit,2025-07-01 10:00
407,visit,2025-07-10 3:13
407,signup,2025-07-10 3:21
408,visit,2025-07-05 22:17
409,visit,2025-07-14 22:57
409,signup,2025-07-14 23:00
409,try_feature,2025-07-14 23:17
409,purchase,2025-07-14 23:30
411,visit,2025-07-08 9:16
412,visit,2025-07-11 10:28
413,visit,2025-07-05 18:06
413,signup,2025-07-05 18:12
413,try_feature,2025-07-05 18:23
414,visit,2025-07-07 14:19
414,signup,2025-07-07 14:23
415,visit,2025-07-02 6:53
415,signup,2025-07-02 6:58
416,visit,2025-07-13 16:03
417,visit,2025-07-06 0:25
418,visit,2025-07-08 3:29
418,signup,2025-07-08 3:34
419,visit,2025-07-08 4:12
419,signup,2025-07-08 4:24
421,visit,2025-07-07 20:28
423,visit,2025-07-02 5:59
423,signup,2025-07-02 6:12
425,visit,2025-07-09 8:28
425,signup,2025-07-09 8:30
425,try_feature,2025-07-09 8:50
426,visit,2025-07-16 1:05
426,signup,2025-07-16 1:10
426,try_feature,2025-07-16 1:27
427,visit,2025-07-13 22:22
427,signup,2025-07-13 22:38
428,visit,2025-07-13 8:11
428,signup,2025-07-13 8:31
428,try_feature,2025-07-13 8:40
429,visit,2025-07-08 5:06
429,signup,2025-07-08 5:14
431,visit,2025-07-13 11:59
431,signup,2025-07-13 12:05
431,try_feature,2025-07-13 12:24
432,visit,2025-07-01 22:44
432,signup,2025-07-01 23:03
433,visit,2025-07-16 17:19
433,signup,2025-07-16 17:21
434,visit,2025-07-01 16:30
434,signup,2025-07-01 16:50
434,try_feature,2025-07-01 16:55
435,visit,2025-07-11 1:01
436,visit,2025-07-12 2:23
436,signup,2025-07-12 2:36
436,try_feature,2025-07-12 2:47
437,visit,2025-07-14 20:31
438,visit,2025-07-12 7:42
438,signup,2025-07-12 7:48
438,try_feature,2025-07-12 7:58
439,visit,2025-07-13 18:02
440,visit,2025-07-08 20:36
440,signup,2025-07-08 20:52
440,try_feature,2025-07-08 20:55
440,purchase,2025-07-08 21:06
441,visit,2025-07-11 14:00
441,signup,2025-07-11 14:08
441,try_feature,2025-07-11 14:20
442,visit,2025-07-02 12:28
443,visit,2025-07-16 12:22
444,visit,2025-07-08 5:28
444,signup,2025-07-08 5:30
444,try_feature,2025-07-08 5:41
444,purchase,2025-07-08 5:45
445,visit,2025-07-13 5:46
445,signup,2025-07-13 5:49
446,visit,2025-07-01 13:41
446,signup,2025-07-01 13:55
446,try_feature,2025-07-01 13:59
447,visit,2025-07-09 21:18
447,signup,2025-07-09 21:22
448,visit,2025-07-16 4:03
448,signup,2025-07-16 4:17
448,try_feature,2025-07-16 4:37
448,purchase,2025-07-16 4:41
449,visit,2025-07-10 2:30
450,visit,2025-07-16 15:57
450,signup,2025-07-16 16:00
450,try_feature,2025-07-16 16:13
451,visit,2025-07-15 1:16
451,signup,2025-07-15 1:25
452,visit,2025-07-05 22:42
453,visit,2025-07-14 18:14
454,visit,2025-07-14 17:43
454,signup,2025-07-14 17:59
454,try_feature,2025-07-14 18:07
456,visit,2025-07-05 3:48
457,visit,2025-07-07 4:02
457,signup,2025-07-07 4:16
458,visit,2025-07-09 10:58
458,signup,2025-07-09 11:01
458,try_feature,2025-07-09 11:19
459,visit,2025-07-15 0:50
459,signup,2025-07-15 1:09
459,try_feature,2025-07-15 1:23
459,purchase,2025-07-15 1:28
460,visit,2025-07-04 3:36
461,visit,2025-07-12 13:16
461,signup,2025-07-12 13:32
461,try_feature,2025-07-12 13:48
462,visit,2025-07-13 1:25
462,signup,2025-07-13 1:36
463,visit,2025-07-09 11:01
463,signup,2025-07-09 11:11
464,visit,2025-07-04 7:08
465,visit,2025-07-11 8:46
465,signup,2025-07-11 8:49
466,visit,2025-07-14 23:31
467,visit,2025-07-06 2:19
467,signup,2025-07-06 2:32
468,visit,2025-07-01 5:12
469,visit,2025-07-08 1:29
470,visit,2025-07-09 11:52
470,signup,2025-07-09 12:05
471,visit,2025-07-08 11:31
472,visit,2025-07-16 18:35
473,visit,2025-07-09 23:53
473,signup,2025-07-10 0:03
473,try_feature,2025-07-10 0:05
474,visit,2025-07-07 7:41
474,signup,2025-07-07 7:48
475,visit,2025-07-01 15:58
475,signup,2025-07-01 16:04
475,try_feature,2025-07-01 16:05
476,visit,2025-07-10 22:45
477,visit,2025-07-12 14:16
477,signup,2025-07-12 14:26
477,try_feature,2025-07-12 14:46
477,purchase,2025-07-12 14:50
478,visit,2025-07-10 9:43
478,signup,2025-07-10 9:46
479,visit,2025-07-09 8:41
479,signup,2025-07-09 8:51
480,visit,2025-07-02 19:25
482,visit,2025-07-13 12:47
483,visit,2025-07-11 23:45
483,signup,2025-07-12 0:03
484,visit,2025-07-12 16:19
484,signup,2025-07-12 16:37
484,try_feature,2025-07-12 16:41
485,visit,2025-07-06 21:57
485,signup,2025-07-06 22:00
486,visit,2025-07-10 13:50
486,signup,2025-07-10 14:02
486,try_feature,2025-07-10 14:12
487,visit,2025-07-03 15:56
488,visit,2025-07-13 16:19
488,signup,2025-07-13 16:24
488,try_feature,2025-07-13 16:31
489,visit,2025-07-15 4:20
491,visit,2025-07-11 20:03
491,signup,2025-07-11 20:12
492,visit,2025-07-06 15:50
492,signup,2025-07-06 15:53
493,visit,2025-07-13 13:30
493,signup,2025-07-13 13:32
494,visit,2025-07-11 16:12
494,signup,2025-07-11 16:13
494,try_feature,2025-07-11 16:21
495,visit,2025-07-04 12:32
495,signup,2025-07-04 12:38
495,try_feature,2025-07-04 12:40
496,visit,2025-07-11 13:56
496,signup,2025-07-11 14:01
496,try_feature,2025-07-11 14:17
496,purchase,2025-07-11 14:24
497,visit,2025-07-01 7:14
497,signup,2025-07-01 7:19
498,visit,2025-07-06 3:23
498,signup,2025-07-06 3:25
499,visit,2025-07-02 19:03
499,signup,2025-07-02 19:04
499,try_feature,2025-07-02 19:08
499,purchase,2025-07-02 19:21
500,visit,2025-07-16 22:09
500,signup,2025-07-16 22:10
501,visit,2025-07-09 19:38
502,visit,2025-07-04 16:46
502,signup,2025-07-04 16:56
502,try_feature,2025-07-04 17:00
502,purchase,2025-07-04 17:20
503,visit,2025-07-07 11:45
503,signup,2025-07-07 11:51
504,visit,2025-07-16 10:15
505,visit,2025-07-16 4:05
506,visit,2025-07-04 8:41
506,signup,2025-07-04 8:51
506,try_feature,2025-07-04 8:53
507,visit,2025-07-10 11:51
508,visit,2025-07-04 1:00
508,signup,2025-07-04 1:06
509,visit,2025-07-09 23:05
509,signup,2025-07-09 23:16
509,try_feature,2025-07-09 23:29
509,purchase,2025-07-09 23:44
510,visit,2025-07-16 13:41
510,signup,2025-07-16 13:47
512,visit,2025-07-16 18:43
512,signup,2025-07-16 19:03
513,visit,2025-07-05 15:58
513,signup,2025-07-05 16:12
513,try_feature,2025-07-05 16:15
513,purchase,2025-07-05 16:26
514,visit,2025-07-08 21:55
514,signup,2025-07-08 22:12
514,try_feature,2025-07-08 22:32
515,visit,2025-07-13 4:53
515,signup,2025-07-13 5:13
516,visit,2025-07-16 15:55
516,signup,2025-07-16 16:11
517,visit,2025-07-02 16:14
517,signup,2025-07-02 16:27
517,try_feature,2025-07-02 16:35
518,visit,2025-07-15 2:54
518,signup,2025-07-15 3:05
519,visit,2025-07-01 3:25
519,signup,2025-07-01 3:43
520,visit,2025-07-10 16:35
521,visit,2025-07-12 1:52
521,signup,2025-07-12 2:07
522,visit,2025-07-12 22:28
522,signup,2025-07-12 22:36
523,visit,2025-07-10 17:33
523,signup,2025-07-10 17:37
523,try_feature,2025-07-10 17:43
523,purchase,2025-07-10 17:57
525,visit,2025-07-13 6:29
527,visit,2025-07-04 14:29
527,signup,2025-07-04 14:46
527,try_feature,2025-07-04 15:02
529,visit,2025-07-06 22:37
529,signup,2025-07-06 22:42
530,visit,2025-07-11 16:56
532,visit,2025-07-10 14:51
532,signup,2025-07-10 15:05
532,try_feature,2025-07-10 15:22
533,visit,2025-07-07 6:13
533,signup,2025-07-07 6:23
534,visit,2025-07-06 16:34
535,visit,2025-07-12 17:30
535,signup,2025-07-12 17:44
535,try_feature,2025-07-12 18:02
536,visit,2025-07-04 0:24
536,signup,2025-07-04 0:26
537,visit,2025-07-09 4:53
537,signup,2025-07-09 5:03
537,try_feature,2025-07-09 5:21
537,purchase,2025-07-09 5:36
538,visit,2025-07-08 23:41
538,signup,2025-07-08 23:49
539,visit,2025-07-02 12:24
540,visit,2025-07-02 0:47
541,visit,2025-07-15 7:58
542,visit,2025-07-07 23:12
543,visit,2025-07-03 5:11
543,signup,2025-07-03 5:15
543,try_feature,2025-07-03 5:29
543,purchase,2025-07-03 5:38
544,visit,2025-07-09 0:21
544,signup,2025-07-09 0:26
545,visit,2025-07-10 15:50
545,signup,2025-07-10 16:02
546,visit,2025-07-06 16:04
546,signup,2025-07-06 16:10
546,try_feature,2025-07-06 16:28
546,purchase,2025-07-06 16:40
547,visit,2025-07-11 10:23
547,signup,2025-07-11 10:43
548,visit,2025-07-01 3:42
549,visit,2025-07-08 1:43
550,visit,2025-07-04 12:16
550,signup,2025-07-04 12:26
551,visit,2025-07-12 16:51
551,signup,2025-07-12 17:07
551,try_feature,2025-07-12 17:14
552,visit,2025-07-06 17:34
552,signup,2025-07-06 17:37
553,visit,2025-07-14 3:13
553,signup,2025-07-14 3:27
554,visit,2025-07-05 0:29
554,signup,2025-07-05 0:31
554,try_feature,2025-07-05 0:33
555,visit,2025-07-08 8:26
555,signup,2025-07-08 8:39
555,try_feature,2025-07-08 8:40
556,visit,2025-07-03 23:37
556,signup,2025-07-03 23:40
556,try_feature,2025-07-03 23:57
557,visit,2025-07-10 14:24
557,signup,2025-07-10 14:25
557,try_feature,2025-07-10 14:43
558,visit,2025-07-10 20:09
559,visit,2025-07-01 17:55
559,signup,2025-07-01 17:59
560,visit,2025-07-03 9:13
560,signup,2025-07-03 9:25
560,try_feature,2025-07-03 9:42
560,purchase,2025-07-03 9:48
561,visit,2025-07-07 3:11
562,visit,2025-07-15 20:35
562,signup,2025-07-15 20:38
563,visit,2025-07-16 10:22
563,signup,2025-07-16 10:30
563,try_feature,2025-07-16 10:50
564,visit,2025-07-15 10:39
564,signup,2025-07-15 10:58
564,try_feature,2025-07-15 11:17
565,visit,2025-07-06 0:20
566,visit,2025-07-14 8:53
567,visit,2025-07-15 14:22
567,signup,2025-07-15 14:38
568,visit,2025-07-03 8:54
568,signup,2025-07-03 9:12
569,visit,2025-07-01 16:40
569,signup,2025-07-01 16:59
569,try_feature,2025-07-01 17:18
570,visit,2025-07-16 20:49
570,signup,2025-07-16 21:02
571,visit,2025-07-10 4:29
571,signup,2025-07-10 4:32
571,try_feature,2025-07-10 4:49
572,visit,2025-07-06 16:08
572,signup,2025-07-06 16:14
573,visit,2025-07-05 23:46
573,signup,2025-07-05 23:58
573,try_feature,2025-07-06 0:14
574,visit,2025-07-02 21:13
574,signup,2025-07-02 21:25
575,visit,2025-07-02 20:20
575,signup,2025-07-02 20:37
576,visit,2025-07-09 18:34
576,signup,2025-07-09 18:47
577,visit,2025-07-03 16:16
577,signup,2025-07-03 16:24
578,visit,2025-07-12 15:50
578,signup,2025-07-12 16:10
578,try_feature,2025-07-12 16:15
578,purchase,2025-07-12 16:23
579,visit,2025-07-07 4:11
580,visit,2025-07-04 21:14
581,visit,2025-07-16 21:30
581,signup,2025-07-16 21:49
581,try_feature,2025-07-16 22:03
581,purchase,2025-07-16 22:05
582,visit,2025-07-06 4:40
582,signup,2025-07-06 4:59
582,try_feature,2025-07-06 5:05
583,visit,2025-07-13 19:36
585,visit,2025-07-16 5:14
585,signup,2025-07-16 5:34
586,visit,2025-07-06 19:42
587,visit,2025-07-11 14:38
587,signup,2025-07-11 14:46
587,try_feature,2025-07-11 14:51
588,visit,2025-07-14 4:38
589,visit,2025-07-02 17:32
589,signup,2025-07-02 17:35
590,visit,2025-07-01 21:41
590,signup,2025-07-01 21:55
591,visit,2025-07-14 7:51
591,signup,2025-07-14 8:04
591,try_feature,2025-07-14 8:23
591,purchase,2025-07-14 8:28
592,visit,2025-07-03 9:38
592,signup,2025-07-03 9:52
593,visit,2025-07-01 18:33
593,signup,2025-07-01 18:34
594,visit,2025-07-11 13:23
594,signup,2025-07-11 13:37
594,try_feature,2025-07-11 13:46
596,visit,2025-07-13 6:26
596,signup,2025-07-13 6:44
597,visit,2025-07-16 8:19
598,visit,2025-07-04 23:14
598,signup,2025-07-04 23:20
598,try_feature,2025-07-04 23:37
600,visit,2025-07-01 2:52
600,signup,2025-07-01 3:12
600,try_feature,2025-07-01 3:15
600,purchase,2025-07-01 3:27
601,visit,2025-07-13 12:39
602,visit,2025-07-02 5:40
602,signup,2025-07-02 5:41
602,try_feature,2025-07-02 5:58
603,visit,2025-07-08 19:10
603,signup,2025-07-08 19:22
604,visit,2025-07-03 8:49
604,signup,2025-07-03 9:02
605,visit,2025-07-03 2:35
606,visit,2025-07-12 11:52
607,visit,2025-07-15 12:36
607,signup,2025-07-15 12:42
608,visit,2025-07-10 10:07
610,visit,2025-07-16 7:48
610,signup,2025-07-16 8:03
611,visit,2025-07-16 3:16
611,signup,2025-07-16 3:24
612,visit,2025-07-14 11:33
612,signup,2025-07-14 11:42
612,try_feature,2025-07-14 11:45
612,purchase,2025-07-14 11:56
613,visit,2025-07-16 10:22
613,signup,2025-07-16 10:41
613,try_feature,2025-07-16 10:48
613,purchase,2025-07-16 10:55
614,visit,2025-07-09 6:14
615,visit,2025-07-12 4:49
615,signup,2025-07-12 4:52
616,visit,2025-07-02 15:23
618,visit,2025-07-09 12:14
618,signup,2025-07-09 12:19
618,try_feature,2025-07-09 12:33
618,purchase,2025-07-09 12:51
619,visit,2025-07-13 21:49
619,signup,2025-07-13 21:53
619,try_feature,2025-07-13 22:08
619,purchase,2025-07-13 22:09
620,visit,2025-07-13 18:06
621,visit,2025-07-06 17:16
622,visit,2025-07-11 11:11
622,signup,2025-07-11 11:18
622,try_feature,2025-07-11 11:30
622,purchase,2025-07-11 11:43
623,visit,2025-07-05 18:43
624,visit,2025-07-08 17:27
624,signup,2025-07-08 17:34
624,try_feature,2025-07-08 17:39
624,purchase,2025-07-08 17:40
625,visit,2025-07-05 20:33
626,visit,2025-07-10 8:35
626,signup,2025-07-10 8:37
626,try_feature,2025-07-10 8:43
627,visit,2025-07-04 14:47
627,signup,2025-07-04 14:59
628,visit,2025-07-09 11:01
629,visit,2025-07-07 18:36
629,signup,2025-07-07 18:54
629,try_feature,2025-07-07 19:04
630,visit,2025-07-15 2:24
630,signup,2025-07-15 2:39
631,visit,2025-07-11 13:40
632,visit,2025-07-03 2:10
632,signup,2025-07-03 2:21
633,visit,2025-07-13 8:56
634,visit,2025-07-15 13:10
634,signup,2025-07-15 13:11
635,visit,2025-07-03 6:10
635,signup,2025-07-03 6:14
636,visit,2025-07-01 12:33
636,signup,2025-07-01 12:36
636,try_feature,2025-07-01 12:56
637,visit,2025-07-08 23:18
637,signup,2025-07-08 23:23
637,try_feature,2025-07-08 23:29
639,visit,2025-07-09 17:28
639,signup,2025-07-09 17:46
639,try_feature,2025-07-09 18:06
640,visit,2025-07-10 11:30
640,signup,2025-07-10 11:33
640,try_feature,2025-07-10 11:45
641,visit,2025-07-01 16:52
641,signup,2025-07-01 16:57
642,visit,2025-07-16 15:19
643,visit,2025-07-08 0:35
644,visit,2025-07-14 12:15
645,visit,2025-07-08 8:05
645,signup,2025-07-08 8:13
646,visit,2025-07-09 9:41
646,signup,2025-07-09 9:50
646,try_feature,2025-07-09 9:53
646,purchase,2025-07-09 10:03
647,visit,2025-07-15 8:44
647,signup,2025-07-15 8:51
647,try_feature,2025-07-15 8:56
647,purchase,2025-07-15 9:14
648,visit,2025-07-10 8:08
648,signup,2025-07-10 8:09
648,try_feature,2025-07-10 8:14
649,visit,2025-07-10 15:23
649,signup,2025-07-10 15:25
649,try_feature,2025-07-10 15:30
649,purchase,2025-07-10 15:43
650,visit,2025-07-06 6:57
651,visit,2025-07-04 22:15
651,signup,2025-07-04 22:30
651,try_feature,2025-07-04 22:32
652,visit,2025-07-07 15:24
653,visit,2025-07-06 20:46
653,signup,2025-07-06 21:04
653,try_feature,2025-07-06 21:13
653,purchase,2025-07-06 21:23
654,visit,2025-07-07 3:15
654,signup,2025-07-07 3:26
656,visit,2025-07-16 22:38
656,signup,2025-07-16 22:41
656,try_feature,2025-07-16 22:57
657,visit,2025-07-02 1:22
658,visit,2025-07-05 15:14
659,visit,2025-07-12 14:46
659,signup,2025-07-12 14:59
659,try_feature,2025-07-12 15:04
660,visit,2025-07-15 17:18
660,signup,2025-07-15 17:34
661,visit,2025-07-11 23:29
662,visit,2025-07-06 2:33
663,visit,2025-07-12 14:00
663,signup,2025-07-12 14:17
664,visit,2025-07-12 19:15
664,signup,2025-07-12 19:18
665,visit,2025-07-07 16:43
665,signup,2025-07-07 17:01
665,try_feature,2025-07-07 17:11
665,purchase,2025-07-07 17:22
667,visit,2025-07-06 1:12
667,signup,2025-07-06 1:19
668,visit,2025-07-13 21:31
668,signup,2025-07-13 21:50
668,try_feature,2025-07-13 22:02
668,purchase,2025-07-13 22:05
669,visit,2025-07-16 2:29
669,signup,2025-07-16 2:31
670,visit,2025-07-02 19:17
671,visit,2025-07-03 6:33
671,signup,2025-07-03 6:41
671,try_feature,2025-07-03 6:48
672,visit,2025-07-06 17:47
673,visit,2025-07-12 21:29
674,visit,2025-07-06 5:35
674,signup,2025-07-06 5:46
675,visit,2025-07-15 11:57
676,visit,2025-07-14 20:27
676,signup,2025-07-14 20:38
677,visit,2025-07-13 17:59
678,visit,2025-07-15 12:00
678,signup,2025-07-15 12:10
678,try_feature,2025-07-15 12:27
678,purchase,2025-07-15 12:37
679,visit,2025-07-07 10:01
680,visit,2025-07-05 3:02
680,signup,2025-07-05 3:07
681,visit,2025-07-08 7:16
681,signup,2025-07-08 7:19
682,visit,2025-07-03 23:20
682,signup,2025-07-03 23:26
683,visit,2025-07-04 19:41
683,signup,2025-07-04 20:00
684,visit,2025-07-11 11:56
685,visit,2025-07-04 7:47
686,visit,2025-07-13 1:19
686,signup,2025-07-13 1:30
686,try_feature,2025-07-13 1:35
686,purchase,2025-07-13 1:43
687,visit,2025-07-15 19:36
687,signup,2025-07-15 19:44
687,try_feature,2025-07-15 19:57
687,purchase,2025-07-15 20:08
688,visit,2025-07-02 17:25
688,signup,2025-07-02 17:38
689,visit,2025-07-16 17:12
689,signup,2025-07-16 17:31
690,visit,2025-07-08 7:04
690,signup,2025-07-08 7:18
690,try_feature,2025-07-08 7:37
691,visit,2025-07-12 6:20
692,visit,2025-07-06 11:39
692,signup,2025-07-06 11:54
692,try_feature,2025-07-06 12:09
692,purchase,2025-07-06 12:17
693,visit,2025-07-05 23:54
693,signup,2025-07-05 23:56
694,visit,2025-07-10 0:21
694,signup,2025-07-10 0:25
694,try_feature,2025-07-10 0:41
695,visit,2025-07-07 6:34
695,signup,2025-07-07 6:43
696,visit,2025-07-05 22:44
696,signup,2025-07-05 22:57
696,try_feature,2025-07-05 23:14
696,purchase,2025-07-05 23:20
697,visit,2025-07-09 1:29
697,signup,2025-07-09 1:30
698,visit,2025-07-12 3:01
698,signup,2025-07-12 3:14
699,visit,2025-07-04 10:31
699,signup,2025-07-04 10:49
700,visit,2025-07-15 17:59
700,signup,2025-07-15 18:01
700,try_feature,2025-07-15 18:18
701,visit,2025-07-06 0:22
701,signup,2025-07-06 0:34
702,visit,2025-07-09 1:40
703,visit,2025-07-01 17:17
704,visit,2025-07-05 2:46
705,visit,2025-07-08 13:15
706,visit,2025-07-11 14:34
706,signup,2025-07-11 14:39
707,visit,2025-07-10 22:45
707,signup,2025-07-10 22:50
708,visit,2025-07-06 10:04
708,signup,2025-07-06 10:08
709,visit,2025-07-11 13:26
709,signup,2025-07-11 13:35
709,try_feature,2025-07-11 13:42
709,purchase,2025-07-11 13:48
710,visit,2025-07-09 19:36
710,signup,2025-07-09 19:56
710,try_feature,2025-07-09 19:57
710,purchase,2025-07-09 20:13
711,visit,2025-07-16 22:41
711,signup,2025-07-16 22:54
711,try_feature,2025-07-16 22:59
711,purchase,2025-07-16 23:07
712,visit,2025-07-09 13:14
714,visit,2025-07-15 19:31
715,visit,2025-07-14 12:49
716,visit,2025-07-13 19:47
716,signup,2025-07-13 20:05
717,visit,2025-07-15 14:52
717,signup,2025-07-15 15:00
718,visit,2025-07-02 17:24
718,signup,2025-07-02 17:26
718,try_feature,2025-07-02 17:41
719,visit,2025-07-10 14:10
720,visit,2025-07-05 14:53
721,visit,2025-07-04 5:49
721,signup,2025-07-04 6:07
721,try_feature,2025-07-04 6:21
721,purchase,2025-07-04 6:22
722,visit,2025-07-07 14:05
723,visit,2025-07-04 2:07
723,signup,2025-07-04 2:19
724,visit,2025-07-06 12:35
725,visit,2025-07-05 5:55
725,signup,2025-07-05 5:57
726,visit,2025-07-15 9:40
727,visit,2025-07-01 19:48
727,signup,2025-07-01 20:03
728,visit,2025-07-01 19:56
728,signup,2025-07-01 20:03
728,try_feature,2025-07-01 20:19
728,purchase,2025-07-01 20:34
729,visit,2025-07-01 7:56
729,signup,2025-07-01 8:16
729,try_feature,2025-07-01 8:23
729,purchase,2025-07-01 8:28
730,visit,2025-07-02 4:54
731,visit,2025-07-10 10:58
731,signup,2025-07-10 11:02
731,try_feature,2025-07-10 11:08
732,visit,2025-07-06 14:47
732,signup,2025-07-06 14:49
732,try_feature,2025-07-06 14:59
733,visit,2025-07-14 17:04
733,signup,2025-07-14 17:09
733,try_feature,2025-07-14 17:18
734,visit,2025-07-07 19:03
735,visit,2025-07-16 23:44
735,signup,2025-07-16 23:54
735,try_feature,2025-07-17 0:05
736,visit,2025-07-12 4:39
737,visit,2025-07-16 15:51
737,signup,2025-07-16 16:11
738,visit,2025-07-01 3:01
739,visit,2025-07-07 19:26
739,signup,2025-07-07 19:37
739,try_feature,2025-07-07 19:44
740,visit,2025-07-09 2:19
740,signup,2025-07-09 2:37
740,try_feature,2025-07-09 2:38
741,visit,2025-07-01 5:12
742,visit,2025-07-16 15:51
742,signup,2025-07-16 15:56
743,visit,2025-07-11 14:50
744,visit,2025-07-10 18:46
744,signup,2025-07-10 19:04
747,visit,2025-07-06 18:38
747,signup,2025-07-06 18:58
748,visit,2025-07-11 22:02
748,signup,2025-07-11 22:05
748,try_feature,2025-07-11 22:13
748,purchase,2025-07-11 22:23
749,visit,2025-07-06 3:23
750,visit,2025-07-15 16:01
750,signup,2025-07-15 16:18
751,visit,2025-07-10 10:09
752,visit,2025-07-05 6:46
754,visit,2025-07-03 10:29
754,signup,2025-07-03 10:33
754,try_feature,2025-07-03 10:43
755,visit,2025-07-07 10:12
755,signup,2025-07-07 10:21
756,visit,2025-07-09 4:10
757,visit,2025-07-04 6:34
757,signup,2025-07-04 6:45
758,visit,2025-07-06 2:19
758,signup,2025-07-06 2:30
758,try_feature,2025-07-06 2:32
759,visit,2025-07-02 3:24
759,signup,2025-07-02 3:38
760,visit,2025-07-15 19:22
761,visit,2025-07-03 14:36
761,signup,2025-07-03 14:51
765,visit,2025-07-11 10:29
765,signup,2025-07-11 10:32
765,try_feature,2025-07-11 10:44
765,purchase,2025-07-11 10:50
766,visit,2025-07-05 16:06
766,signup,2025-07-05 16:10
767,visit,2025-07-15 12:37
767,signup,2025-07-15 12:57
768,visit,2025-07-13 2:21
768,signup,2025-07-13 2:40
769,visit,2025-07-11 17:44
770,visit,2025-07-16 3:37
770,signup,2025-07-16 3:48
770,try_feature,2025-07-16 4:03
770,purchase,2025-07-16 4:16
771,visit,2025-07-13 10:31
771,signup,2025-07-13 10:33
772,visit,2025-07-01 4:42
772,signup,2025-07-01 5:00
773,visit,2025-07-07 6:43
773,signup,2025-07-07 6:53
774,visit,2025-07-14 22:58
774,signup,2025-07-14 23:01
775,visit,2025-07-13 4:54
776,visit,2025-07-02 0:45
776,signup,2025-07-02 0:57
777,visit,2025-07-08 13:44
778,visit,2025-07-13 12:27
778,signup,2025-07-13 12:33
779,visit,2025-07-12 13:09
779,signup,2025-07-12 13:14
780,visit,2025-07-05 23:56
781,visit,2025-07-05 2:08
782,visit,2025-07-14 19:11
782,signup,2025-07-14 19:25
782,try_feature,2025-07-14 19:40
782,purchase,2025-07-14 19:48
783,visit,2025-07-01 18:31
784,visit,2025-07-09 13:59
784,signup,2025-07-09 14:11
785,visit,2025-07-12 3:37
785,signup,2025-07-12 3:40
786,visit,2025-07-09 14:33
786,signup,2025-07-09 14:53
787,visit,2025-07-03 21:40
787,signup,2025-07-03 21:59
788,visit,2025-07-01 15:29
788,signup,2025-07-01 15:45
788,try_feature,2025-07-01 15:56
788,purchase,2025-07-01 16:06
789,visit,2025-07-10 23:50
789,signup,2025-07-10 23:52
789,try_feature,2025-07-11 0:11
790,visit,2025-07-10 23:39
790,signup,2025-07-10 23:55
790,try_feature,2025-07-11 0:12
790,purchase,2025-07-11 0:21
791,visit,2025-07-09 8:54
791,signup,2025-07-09 8:58
792,visit,2025-07-15 11:51
792,signup,2025-07-15 11:59
793,visit,2025-07-11 2:09
794,visit,2025-07-14 12:15
794,signup,2025-07-14 12:21
794,try_feature,2025-07-14 12:33
795,visit,2025-07-04 1:10
795,signup,2025-07-04 1:26
795,try_feature,2025-07-04 1:44
796,visit,2025-07-05 16:55
797,visit,2025-07-15 12:43
797,signup,2025-07-15 13:00
797,try_feature,2025-07-15 13:02
798,visit,2025-07-14 19:58
798,signup,2025-07-14 20:07
799,visit,2025-07-09 20:37
800,visit,2025-07-07 16:21
800,signup,2025-07-07 16:27
801,visit,2025-07-03 0:26
801,signup,2025-07-03 0:30
801,try_feature,2025-07-03 0:42
801,purchase,2025-07-03 0:52
802,visit,2025-07-01 19:05
802,signup,2025-07-01 19:25
803,visit,2025-07-04 22:07
803,signup,2025-07-04 22:27
804,visit,2025-07-06 3:44
804,signup,2025-07-06 3:54
806,visit,2025-07-11 8:10
808,visit,2025-07-09 8:11
809,visit,2025-07-07 19:25
809,signup,2025-07-07 19:41
810,visit,2025-07-07 19:41
811,visit,2025-07-04 1:04
812,visit,2025-07-01 15:09
813,visit,2025-07-13 8:09
813,signup,2025-07-13 8:22
814,visit,2025-07-16 15:27
814,signup,2025-07-16 15:30
814,try_feature,2025-07-16 15:31
814,purchase,2025-07-16 15:47
815,visit,2025-07-12 10:43
815,signup,2025-07-12 10:45
815,try_feature,2025-07-12 10:48
815,purchase,2025-07-12 10:59
816,visit,2025-07-10 20:12
817,visit,2025-07-07 9:44
817,signup,2025-07-07 9:48
817,try_feature,2025-07-07 10:00
818,visit,2025-07-05 1:12
818,signup,2025-07-05 1:31
818,try_feature,2025-07-05 1:44
819,visit,2025-07-16 17:53
819,signup,2025-07-16 17:54
819,try_feature,2025-07-16 17:56
820,visit,2025-07-07 20:42
820,signup,2025-07-07 21:00
820,try_feature,2025-07-07 21:19
820,purchase,2025-07-07 21:22
821,visit,2025-07-16 20:01
821,signup,2025-07-16 20:21
821,try_feature,2025-07-16 20:26
822,visit,2025-07-04 14:39
822,signup,2025-07-04 14:58
822,try_feature,2025-07-04 15:02
823,visit,2025-07-08 2:51
826,visit,2025-07-07 1:37
826,signup,2025-07-07 1:40
827,visit,2025-07-06 22:23
827,signup,2025-07-06 22:38
827,try_feature,2025-07-06 22:57
828,visit,2025-07-13 5:01
828,signup,2025-07-13 5:04
829,visit,2025-07-10 13:44
829,signup,2025-07-10 14:00
829,try_feature,2025-07-10 14:07
830,visit,2025-07-14 7:11
830,signup,2025-07-14 7:13
831,visit,2025-07-03 20:52
831,signup,2025-07-03 21:04
831,try_feature,2025-07-03 21:22
832,visit,2025-07-04 19:23
832,signup,2025-07-04 19:41
833,visit,2025-07-07 8:03
833,signup,2025-07-07 8:08
833,try_feature,2025-07-07 8:24
834,visit,2025-07-02 1:41
834,signup,2025-07-02 1:48
835,visit,2025-07-15 1:06
835,signup,2025-07-15 1:24
835,try_feature,2025-07-15 1:25
835,purchase,2025-07-15 1:29
836,visit,2025-07-15 18:37
837,visit,2025-07-11 7:49
837,signup,2025-07-11 7:57
838,visit,2025-07-13 7:04
838,signup,2025-07-13 7:20
838,try_feature,2025-07-13 7:34
839,visit,2025-07-13 11:08
839,signup,2025-07-13 11:15
839,try_feature,2025-07-13 11:24
839,purchase,2025-07-13 11:29
840,visit,2025-07-02 8:08
840,signup,2025-07-02 8:23
841,visit,2025-07-08 9:38
842,visit,2025-07-08 2:26
843,visit,2025-07-07 18:30
843,signup,2025-07-07 18:39
844,visit,2025-07-08 7:20
845,visit,2025-07-05 18:57
845,signup,2025-07-05 18:59
846,visit,2025-07-02 13:33
846,signup,2025-07-02 13:37
846,try_feature,2025-07-02 13:45
847,visit,2025-07-14 6:08
847,signup,2025-07-14 6:16
847,try_feature,2025-07-14 6:19
847,purchase,2025-07-14 6:29
848,visit,2025-07-01 14:29
848,signup,2025-07-01 14:42
849,visit,2025-07-01 20:04
849,signup,2025-07-01 20:15
849,try_feature,2025-07-01 20:25
850,visit,2025-07-07 21:05
851,visit,2025-07-02 16:58
851,signup,2025-07-02 17:00
851,try_feature,2025-07-02 17:12
852,visit,2025-07-06 20:35
853,visit,2025-07-07 4:21
853,signup,2025-07-07 4:25
854,visit,2025-07-07 23:48
855,visit,2025-07-14 8:03
855,signup,2025-07-14 8:15
856,visit,2025-07-04 15:45
857,visit,2025-07-15 19:23
857,signup,2025-07-15 19:26
857,try_feature,2025-07-15 19:41
858,visit,2025-07-10 2:06
858,signup,2025-07-10 2:10
858,try_feature,2025-07-10 2:26
860,visit,2025-07-05 15:22
860,signup,2025-07-05 15:23
860,try_feature,2025-07-05 15:26
861,visit,2025-07-11 13:37
861,signup,2025-07-11 13:48
862,visit,2025-07-15 14:19
862,signup,2025-07-15 14:29
862,try_feature,2025-07-15 14:38
863,visit,2025-07-02 4:22
863,signup,2025-07-02 4:28
864,visit,2025-07-10 5:11
864,signup,2025-07-10 5:16
864,try_feature,2025-07-10 5:20
865,visit,2025-07-15 8:23
866,visit,2025-07-11 11:09
867,visit,2025-07-10 3:58
868,visit,2025-07-15 10:09
869,visit,2025-07-11 20:45
871,visit,2025-07-15 10:44
872,visit,2025-07-05 21:35
872,signup,2025-07-05 21:36
872,try_feature,2025-07-05 21:44
873,visit,2025-07-07 18:33
873,signup,2025-07-07 18:42
875,visit,2025-07-13 6:31
875,signup,2025-07-13 6:51
876,visit,2025-07-12 12:09
876,signup,2025-07-12 12:23
876,try_feature,2025-07-12 12:35
877,visit,2025-07-15 17:05
878,visit,2025-07-14 14:18
879,visit,2025-07-14 4:53
879,signup,2025-07-14 4:56
879,try_feature,2025-07-14 5:06
880,visit,2025-07-03 18:48
880,signup,2025-07-03 18:49
880,try_feature,2025-07-03 18:58
881,visit,2025-07-05 6:11
881,signup,2025-07-05 6:21
882,visit,2025-07-10 18:19
882,signup,2025-07-10 18:34
882,try_feature,2025-07-10 18:35
883,visit,2025-07-16 3:41
883,signup,2025-07-16 3:51
884,visit,2025-07-08 0:07
885,visit,2025-07-03 19:47
885,signup,2025-07-03 20:03
886,visit,2025-07-16 22:52
887,visit,2025-07-01 8:10
887,signup,2025-07-01 8:15
887,try_feature,2025-07-01 8:20
887,purchase,2025-07-01 8:22
888,visit,2025-07-12 1:18
888,signup,2025-07-12 1:21
889,visit,2025-07-06 17:20
889,signup,2025-07-06 17:30
889,try_feature,2025-07-06 17:42
890,visit,2025-07-05 0:08
892,visit,2025-07-04 6:09
894,visit,2025-07-04 4:59
894,signup,2025-07-04 5:11
894,try_feature,2025-07-04 5:23
895,visit,2025-07-11 5:45
895,signup,2025-07-11 5:49
896,visit,2025-07-10 4:13
896,signup,2025-07-10 4:16
896,try_feature,2025-07-10 4:20
897,visit,2025-07-02 6:06
897,signup,2025-07-02 6:23
897,try_feature,2025-07-02 6:39
897,purchase,2025-07-02 6:48
898,visit,2025-07-01 3:50
898,signup,2025-07-01 4:10
898,try_feature,2025-07-01 4:17
898,purchase,2025-07-01 4:29
899,visit,2025-07-09 18:22
900,visit,2025-07-08 16:36
903,visit,2025-07-04 6:58
903,signup,2025-07-04 7:14
903,try_feature,2025-07-04 7:33
903,purchase,2025-07-04 7:37
904,visit,2025-07-13 13:13
904,signup,2025-07-13 13:27
904,try_feature,2025-07-13 13:38
905,visit,2025-07-16 11:45
905,signup,2025-07-16 11:47
905,try_feature,2025-07-16 12:03
906,visit,2025-07-10 21:53
906,signup,2025-07-10 22:11
906,try_feature,2025-07-10 22:25
907,visit,2025-07-16 21:23
907,signup,2025-07-16 21:39
907,try_feature,2025-07-16 21:52
907,purchase,2025-07-16 21:55
910,visit,2025-07-11 6:38
910,signup,2025-07-11 6:51
911,visit,2025-07-09 22:49
912,visit,2025-07-13 11:30
913,visit,2025-07-09 4:49
913,signup,2025-07-09 4:53
913,try_feature,2025-07-09 5:09
913,purchase,2025-07-09 5:14
914,visit,2025-07-03 15:43
914,signup,2025-07-03 15:49
914,try_feature,2025-07-03 16:00
915,visit,2025-07-03 21:48
916,visit,2025-07-07 9:42
916,signup,2025-07-07 9:59
917,visit,2025-07-01 1:27
917,signup,2025-07-01 1:31
918,visit,2025-07-15 14:02
918,signup,2025-07-15 14:20
919,visit,2025-07-06 15:27
919,signup,2025-07-06 15:40
920,visit,2025-07-16 21:35
920,signup,2025-07-16 21:54
921,visit,2025-07-02 12:16
921,signup,2025-07-02 12:29
922,visit,2025-07-10 10:03
922,signup,2025-07-10 10:05
922,try_feature,2025-07-10 10:17
922,purchase,2025-07-10 10:36
923,visit,2025-07-13 3:27
923,signup,2025-07-13 3:39
924,visit,2025-07-08 7:41
925,visit,2025-07-03 9:07
925,signup,2025-07-03 9:08
925,try_feature,2025-07-03 9:10
926,visit,2025-07-14 8:01
926,signup,2025-07-14 8:20
926,try_feature,2025-07-14 8:31
927,visit,2025-07-04 15:06
927,signup,2025-07-04 15:13
928,visit,2025-07-11 5:39
928,signup,2025-07-11 5:53
929,visit,2025-07-07 9:16
929,signup,2025-07-07 9:35
930,visit,2025-07-03 22:54
930,signup,2025-07-03 23:13
931,visit,2025-07-16 13:13
931,signup,2025-07-16 13:16
932,visit,2025-07-10 13:42
932,signup,2025-07-10 13:49
933,visit,2025-07-15 21:48
933,signup,2025-07-15 21:49
935,visit,2025-07-15 8:59
936,visit,2025-07-14 18:46
936,signup,2025-07-14 19:03
936,try_feature,2025-07-14 19:18
937,visit,2025-07-10 13:26
937,signup,2025-07-10 13:29
937,try_feature,2025-07-10 13:43
938,visit,2025-07-09 21:38
938,signup,2025-07-09 21:46
938,try_feature,2025-07-09 21:53
940,visit,2025-07-07 5:17
941,visit,2025-07-09 21:35
942,visit,2025-07-16 0:03
942,signup,2025-07-16 0:06
943,visit,2025-07-14 11:42
943,signup,2025-07-14 11:45
943,try_feature,2025-07-14 11:50
944,visit,2025-07-04 16:42
944,signup,2025-07-04 16:59
944,try_feature,2025-07-04 17:02
945,visit,2025-07-11 10:53
946,visit,2025-07-08 13:13
946,signup,2025-07-08 13:19
946,try_feature,2025-07-08 13:28
947,visit,2025-07-02 15:34
947,signup,2025-07-02 15:38
947,try_feature,2025-07-02 15:52
948,visit,2025-07-05 11:30
948,signup,2025-07-05 11:40
948,try_feature,2025-07-05 12:00
949,visit,2025-07-08 8:35
950,visit,2025-07-04 17:55
950,signup,2025-07-04 18:10
952,visit,2025-07-08 9:13
953,visit,2025-07-11 20:26
954,visit,2025-07-16 15:47
955,visit,2025-07-04 5:44
955,signup,2025-07-04 5:47
956,visit,2025-07-11 14:44
956,signup,2025-07-11 14:46
957,visit,2025-07-05 0:25
957,signup,2025-07-05 0:35
957,try_feature,2025-07-05 0:38
958,visit,2025-07-05 19:43
958,signup,2025-07-05 19:54
958,try_feature,2025-07-05 19:59
959,visit,2025-07-10 6:05
959,signup,2025-07-10 6:11
961,visit,2025-07-08 2:29
961,signup,2025-07-08 2:35
961,try_feature,2025-07-08 2:55
961,purchase,2025-07-08 3:04
962,visit,2025-07-06 18:07
962,signup,2025-07-06 18:24
963,visit,2025-07-16 3:14
964,visit,2025-07-09 9:47
964,signup,2025-07-09 9:52
965,visit,2025-07-10 23:43
965,signup,2025-07-10 23:49
965,try_feature,2025-07-10 23:54
965,purchase,2025-07-11 0:03
966,visit,2025-07-08 11:37
966,signup,2025-07-08 11:52
966,try_feature,2025-07-08 12:08
967,visit,2025-07-13 21:13
968,visit,2025-07-09 2:06
968,signup,2025-07-09 2:08
968,try_feature,2025-07-09 2:16
969,visit,2025-07-02 0:16
969,signup,2025-07-02 0:29
970,visit,2025-07-05 17:02
970,signup,2025-07-05 17:11
971,visit,2025-07-15 4:05
971,signup,2025-07-15 4:22
971,try_feature,2025-07-15 4:31
972,visit,2025-07-16 8:47
972,signup,2025-07-16 9:01
973,visit,2025-07-09 16:20
973,signup,2025-07-09 16:26
975,visit,2025-07-15 1:12
975,signup,2025-07-15 1:20
975,try_feature,2025-07-15 1:36
976,visit,2025-07-16 1:28
976,signup,2025-07-16 1:46
976,try_feature,2025-07-16 2:02
976,purchase,2025-07-16 2:07
977,visit,2025-07-07 9:11
978,visit,2025-07-07 18:00
978,signup,2025-07-07 18:19
978,try_feature,2025-07-07 18:22
979,visit,2025-07-11 0:18
979,signup,2025-07-11 0:22
980,visit,2025-07-04 10:09
982,visit,2025-07-01 10:02
982,signup,2025-07-01 10:17
982,try_feature,2025-07-01 10:36
983,visit,2025-07-10 10:51
983,signup,2025-07-10 10:54
983,try_feature,2025-07-10 11:14
983,purchase,2025-07-10 11:27
984,visit,2025-07-13 2:01
984,signup,2025-07-13 2:07
984,try_feature,2025-07-13 2:20
984,purchase,2025-07-13 2:25
986,visit,2025-07-05 11:42
986,signup,2025-07-05 11:54
986,try_feature,2025-07-05 12:10
987,visit,2025-07-14 2:48
987,signup,2025-07-14 3:00
988,visit,2025-07-03 1:32
988,signup,2025-07-03 1:47
989,visit,2025-07-03 9:29
989,signup,2025-07-03 9:45
990,visit,2025-07-10 7:33
990,signup,2025-07-10 7:52
991,visit,2025-07-04 16:27
991,signup,2025-07-04 16:42
992,visit,2025-07-12 8:37
992,signup,2025-07-12 8:54
992,try_feature,2025-07-12 9:09
993,visit,2025-07-02 2:26
993,signup,2025-07-02 2:36
994,visit,2025-07-15 19:51
994,signup,2025-07-15 19:57
995,visit,2025-07-09 21:06
995,signup,2025-07-09 21:07
995,try_feature,2025-07-09 21:11
996,visit,2025-07-13 21:47
996,signup,2025-07-13 22:03
996,try_feature,2025-07-13 22:23
997,visit,2025-07-03 4:08
998,visit,2025-07-07 0:13
998,signup,2025-07-07 0:18
999,visit,2025-07-07 2:19
999,signup,2025-07-07 2:24
999,try_feature,2025-07-07 2:25
1000,visit,2025-07-15 15:30
1000,signup,2025-07-15 15:45
1000,try_feature,2025-07-15 15:52
1000,purchase,2025-07-15 16:05
